Titulo,Autor,AnodePublicação,NumerodePáginas,
ACabana,WillianP.Young,2007,33páginas,
OPequenoPrincipe,AntoinedeSaint-exupéry,1943,40páginas,
JesusOCristo,JamesETalmage,1964,1078páginas,
Omilagredamanhã,HalElrod,2012,196páginas,
OdiáriodeAnneFrank,AnneFrank,1947,119páginas,
OCaçadordePipas,Khaled Hosseini,2003,90páginas,
AArtedaGuerra,SunTzu,2015,80páginas,
AsCrônicasdeNárnia,C.S.Lewis,1940,752páginas,
CristianismoPuroeSimples,C.S.Lewis,1952,288páginas
Ansiedade,AugustoCury,2013,160Páginas






